name,state_name,early_career_pay,mid_career_pay,make_world_better_percent,stem_percent,early_to_mid_percent_increase,rank_salary_potential_state
Adams State University,Colorado,44400,81400,56,3,0.833,16
Adventist University of Health Sciences,Florida,51600,89800,88,5,0.74,14
Agnes Scott College,Georgia,46000,83600,57,26,0.817,14
Alabama A&M University,Alabama,48700,83500,58,20,0.715,10
Alabama State University,Alabama,39800,71500,61,16,0.796,20
Alaska Pacific University,Alaska,50300,90000,67,6,0.789,3
Albany College of Pharmacy and Health Sciences,New-York,81000,144800,82,2,0.788,1
Albertus Magnus College,Connecticut,49700,85900,62,2,0.728,18
Albion College,Michigan,52100,99300,44,23,0.906,7
Alcorn State University,Mississippi,40900,69500,67,19,0.699,10
Alderson Broaddus University,West-Virginia,50600,90500,72,15,0.789,3
Allen College,Iowa,51600,91300,0,0,0.769,5
Alma College,Michigan,48400,89900,52,15,0.857,15
Amberton University,Texas,52800,93600,57,0,0.773,24
Amherst College,Massachusetts,63800,116500,45,32,0.826,10
Amridge University,Alabama,35700,65900,0,0,0.846,24
Anderson University (South Carolina),South-Carolina,39900,70100,51,5,0.757,22
Andrews University,Michigan,47600,85000,51,7,0.786,21
Appalachian State University,North-Carolina,46600,82700,47,9,0.775,15
Arizona Christian University,Arizona,42600,76600,0,7,0.798,5
Arizona State University-Tempe,Arizona,54500,100900,52,30,0.851,3
Arkansas State University-Main Campus,Arkansas,44600,81400,52,7,0.825,6
Arkansas Tech University,Arkansas,45000,76900,54,7,0.709,13
Armstrong State University,Georgia,46600,81500,60,10,0.749,16
Asbury University,Kentucky,39400,70800,59,4,0.797,20
Athens State University,Alabama,45000,78800,51,9,0.751,15
Auburn University,Alabama,54400,104500,51,31,0.921,1
Auburn University at Montgomery,Alabama,45000,79600,61,12,0.769,13
Augsburg University,Minnesota,50500,91000,52,11,0.802,12
Augusta University,Georgia,47000,84400,69,10,0.796,13
Augustana University,South-Dakota,47900,88400,54,18,0.846,3
Austin Peay State University,Tennessee,44200,78200,63,10,0.769,20
Avila University,Missouri,45900,81200,68,3,0.769,17
Babson College,Massachusetts,72000,133800,37,0,0.858,4
Baker University,Kansas,47800,84200,55,2,0.762,10
Ball State University,Indiana,45600,83700,48,7,0.836,22
Baptist Memorial College of Health Sciences,Tennessee,55700,95700,90,4,0.718,5
Barnard College,New-York,59200,109800,57,19,0.855,19
Barnes-Jewish College Goldfarb School of Nursing,Missouri,55000,95200,83,0,0.731,5
Barry University,Florida,47400,84400,66,12,0.781,24
Barton College,North-Carolina,42400,77900,62,6,0.837,24
Bastyr University,Washington,48400,86300,0,0,0.783,22
Bates College,Maine,59500,111900,50,23,0.881,3
Baylor University,Texas,55500,101400,49,16,0.827,12
Belhaven University,Mississippi,41200,74300,60,2,0.803,7
Bellarmine University,Kentucky,49000,90700,54,11,0.851,3
Bellevue College,Washington,50100,88500,56,14,0.766,18
Bellevue University,Nebraska,49400,84800,57,23,0.717,10
Bellin College,Wisconsin,55800,97600,94,0,0.749,6
Belmont Abbey College,North-Carolina,46700,82900,49,7,0.775,14
Belmont University,Tennessee,47300,80900,47,3,0.71,17
Beloit College,Wisconsin,47400,85700,59,24,0.808,17
Benedict College,South-Carolina,38100,67500,61,19,0.772,24
Benedictine College,Kansas,48700,91800,69,13,0.885,3
Bennington College,Vermont,48800,90000,50,5,0.844,6
Bentley University,Massachusetts,66600,116600,36,7,0.751,9
Berea College,Kentucky,39500,71600,53,27,0.813,19
Berry College,Georgia,44900,84900,44,21,0.891,12
Bethany College (Kansas),Kansas,39100,73200,61,17,0.872,23
Bethany College (West Virginia),West-Virginia,46000,84900,63,5,0.846,6
Bethel College-North Newton,Kansas,42700,73800,54,12,0.728,22
Bethel University (Minnesota),Minnesota,51000,85700,65,9,0.68,21
Binghamton University,New-York,61300,109600,44,34,0.788,20
Birmingham Southern College,Alabama,49100,88300,48,27,0.798,7
Black Hills State University,South-Dakota,40400,72600,51,11,0.797,10
Bloomfield College,New-Jersey,48400,89100,55,17,0.841,23
Bluefield State College,West-Virginia,43200,72800,60,3,0.685,15
Boise State University,Idaho,50100,86400,55,14,0.725,4
Boston College,Massachusetts,63600,115400,43,13,0.814,11
Boston University,Massachusetts,61400,113600,43,25,0.85,13
Bowdoin College,Maine,61300,112000,54,37,0.827,2
Bowie State University,Maryland,50300,89900,65,11,0.787,18
Bowling Green State University-Main Campus,Ohio,47200,87500,45,11,0.854,25
Bradley University,Illinois,55600,104900,46,38,0.887,6
Brandeis University,Massachusetts,60600,113200,48,29,0.868,14
Brescia University,Kentucky,44300,81200,53,7,0.833,10
Brigham Young University-Hawaii,Hawaii,51700,93900,57,12,0.816,1
Brigham Young University-Idaho,Idaho,53700,93500,59,14,0.741,2
Brigham Young University-Provo,Utah,59200,108000,60,25,0.824,1
Brown University,Rhode-Island,68200,127600,45,43,0.871,1
Bryant University,Rhode-Island,60500,108600,37,8,0.795,2
Bucknell University,Pennsylvania,66700,122900,40,40,0.843,5
Butler University,Indiana,51800,99300,53,9,0.917,7
California Institute of Technology,California,84100,151600,53,97,0.803,3
California Polytechnic State University-San Luis Obispo,California,65600,119500,51,38,0.822,12
California State Polytechnic University-Pomona,California,57700,110800,50,30,0.92,21
California State University Maritime Academy,California,70500,129600,57,15,0.838,8
Calvin College,Michigan,50200,91100,54,23,0.815,13
Cameron University,Oklahoma,43900,81500,54,14,0.856,11
Campbell University,North-Carolina,46300,82400,56,8,0.78,16
Campbellsville University,Kentucky,37600,66800,50,7,0.777,24
Capitol Technology University,Maryland,67400,118400,63,88,0.757,2
Cardinal Stritch University,Wisconsin,47000,82500,51,2,0.755,20
Carleton College,Minnesota,58800,109900,47,45,0.869,1
Carnegie Mellon University,Pennsylvania,75900,136100,45,66,0.793,1
Carroll College,Montana,48200,91400,55,25,0.896,3
Carroll University,Wisconsin,45600,86500,49,14,0.897,16
Carson-Newman University,Tennessee,42700,76500,61,5,0.792,23
Carthage College,Wisconsin,48900,85400,48,17,0.746,18
Case Western Reserve University,Ohio,66600,117800,44,37,0.769,1
Castleton University,Vermont,41700,76200,52,6,0.827,11
Catawba College,North-Carolina,42500,78100,58,11,0.838,22
Centenary College of Louisiana,Louisiana,47000,88400,37,26,0.881,10
Central Baptist College,Arkansas,36900,68000,0,3,0.843,18
Central Christian College of Kansas,Kansas,37100,66100,0,2,0.782,25
Central College,Iowa,49000,88800,55,36,0.812,9
Central Connecticut State University,Connecticut,53100,93700,45,15,0.765,12
Central Michigan University,Michigan,47700,83600,46,13,0.753,23
Central Washington University,Washington,52700,93200,47,13,0.769,14
Centre College,Kentucky,49500,88500,52,22,0.788,4
Chadron State College,Nebraska,42300,76700,66,3,0.813,16
Chaminade University of Honolulu,Hawaii,45400,84000,55,3,0.85,4
Champlain College,Vermont,51100,88400,39,14,0.73,7
Charles R Drew University of Medicine and Science,California,78300,135700,0,3,0.733,5
Charleston Southern University,South-Carolina,42800,76300,65,9,0.783,17
Charter Oak State College,Connecticut,49200,85900,68,2,0.746,18
Christian Brothers University,Tennessee,51500,96500,60,14,0.874,4
Christopher Newport University,Virginia,50800,87200,55,25,0.717,17
Citadel Military College of South Carolina,South-Carolina,60400,108100,62,19,0.79,1
City University of Seattle,Washington,51500,94600,54,4,0.837,13
Claremont McKenna College,California,68500,125400,43,16,0.831,9
Clark Atlanta University,Georgia,46300,81100,54,15,0.752,18
Clark College,Washington,43500,78400,0,9,0.802,24
Clark University,Massachusetts,52600,101400,47,14,0.928,23
Clarke University,Iowa,44900,80200,52,6,0.786,20
Clarkson College,Nebraska,50900,91500,74,0,0.798,4
Clarkson University,New-York,66400,130100,58,58,0.959,8
Clayton  State University,Georgia,46400,81200,54,9,0.75,17
Cleary University,Michigan,47400,84700,50,0,0.787,22
Clemson University,South-Carolina,57500,106700,50,39,0.856,2
Cleveland State University,Ohio,48300,88600,51,20,0.834,21
Coastal Carolina University,South-Carolina,44700,77600,48,14,0.736,13
Coe College,Iowa,47200,86900,41,24,0.841,13
Colby College,Maine,59200,103300,50,25,0.745,4
Colby-Sawyer College,New-Hampshire,46400,83700,43,7,0.804,9
Colgate University,New-York,68400,130600,41,26,0.909,7
College for Creative Studies,Michigan,51200,89800,40,0,0.754,16
College of Charleston,South-Carolina,47300,85100,44,20,0.799,8
College of Saint Benedict,Minnesota,49100,88600,50,18,0.804,15
College of Saint Mary,Nebraska,43900,77700,45,9,0.77,14
College of St Joseph,Vermont,47000,85000,72,0,0.809,8
College of the Holy Cross,Massachusetts,61800,114600,46,24,0.854,12
College of William and Mary,Virginia,59000,108900,42,21,0.846,5
Colorado Christian University,Colorado,46800,80100,70,2,0.712,17
Colorado College,Colorado,53100,97900,48,23,0.844,5
Colorado Mesa University,Colorado,47800,81500,55,7,0.705,14
Colorado School of Mines,Colorado,75600,139600,60,93,0.847,1
Colorado State University-Fort Collins,Colorado,53500,96100,51,28,0.796,6
Colorado State University-Pueblo,Colorado,48100,87600,62,13,0.821,10
Columbia College (Missouri),Missouri,44100,76600,52,2,0.737,25
Columbia College (South Carolina),South-Carolina,39200,68300,56,6,0.742,23
Columbia International University,South-Carolina,36600,66200,62,0,0.809,25
Columbia University in the City of New York,New-York,71400,126800,45,30,0.776,10
Columbus State University,Georgia,43300,77900,59,10,0.799,25
Concord University,West-Virginia,41700,75800,53,9,0.818,13
Concordia College at Moorhead,Minnesota,46800,85200,63,21,0.821,23
Concordia University-Nebraska,Nebraska,39700,68900,48,5,0.736,19
Concordia University-Portland,Oregon,48000,86100,69,1,0.794,14
Concordia University-Saint Paul,Minnesota,49200,86800,58,5,0.764,16
Concordia University-Wisconsin,Wisconsin,46700,81600,61,9,0.747,23
Connecticut College,Connecticut,57500,100800,36,30,0.753,8
Converse College,South-Carolina,39000,71000,60,8,0.821,21
Cooper Union for the Advancement of Science and Art,New-York,68500,126200,46,56,0.842,11
Corban University,Oregon,42500,77300,63,1,0.819,21
Cornell College,Iowa,49600,90600,47,22,0.827,6
Cornell University,New-York,70100,128200,45,43,0.829,9
Cornish College of the Arts,Washington,49000,86400,39,0,0.763,21
Covenant College,Georgia,44400,79400,62,19,0.788,24
Creighton University,Nebraska,53500,95800,56,9,0.791,2
Cumberland University,Tennessee,45500,81000,61,3,0.78,16
Dakota State University,South-Dakota,48400,84300,49,53,0.742,5
Dakota Wesleyan University,South-Dakota,41800,75700,52,10,0.811,9
Dartmouth College,New-Hampshire,71500,130900,44,35,0.831,1
Davidson College,North-Carolina,57300,106900,50,28,0.866,3
Davis & Elkins College,West-Virginia,41100,76500,43,10,0.861,11
Delaware State University,Delaware,46300,81900,62,10,0.769,3
Delta State University,Mississippi,40800,74200,63,5,0.819,8
Denison University,Ohio,54400,104800,45,22,0.926,5
DePaul University,Illinois,55700,102900,43,15,0.847,8
DePauw University,Indiana,56600,101000,47,24,0.784,5
Dickinson College,Pennsylvania,55800,100100,46,25,0.794,21
Dickinson State University,North-Dakota,46400,81200,55,8,0.75,5
Dillard University,Louisiana,44700,79800,74,20,0.785,17
Doane University-Arts & Sciences,Nebraska,47300,85300,51,21,0.803,9
Doane University-Graduate and Professional Studies,Nebraska,43200,77000,54,0,0.782,15
Dordt College,Iowa,51000,89600,57,17,0.757,8
Drake University,Iowa,52800,99900,49,7,0.892,2
Drew University,New-Jersey,52800,95000,37,16,0.799,16
Drexel University,Pennsylvania,61700,114800,47,28,0.861,9
Drury University,Missouri,42600,79400,60,12,0.864,19
Duke University,North-Carolina,71100,132100,50,26,0.858,1
Dunwoody College of Technology,Minnesota,53400,96600,55,24,0.809,8
Earlham College,Indiana,49100,88400,57,31,0.8,13
East Carolina University,North-Carolina,48400,85400,55,11,0.764,11
East Central University,Oklahoma,44700,77500,66,9,0.734,17
East Tennessee State University,Tennessee,43700,77300,57,8,0.769,22
Eastern Connecticut State University,Connecticut,49200,87800,43,14,0.785,17
Eastern Kentucky University,Kentucky,45600,80700,56,5,0.77,11
Eastern Michigan University,Michigan,47300,86700,50,6,0.833,18
Eastern New Mexico University-Main Campus,New-Mexico,44500,80500,61,5,0.809,4
Eastern Oregon University,Oregon,44000,73900,56,5,0.68,23
Eastern Washington University,Washington,49500,87500,52,17,0.768,20
Eckerd College,Florida,49200,88400,52,25,0.797,17
Edgewood College,Wisconsin,49500,87500,54,5,0.768,15
Elon University,North-Carolina,53600,93700,43,7,0.748,6
Embry-Riddle Aeronautical University-Daytona Beach,Florida,63300,111200,58,35,0.757,1
Embry-Riddle Aeronautical University-Prescott,Arizona,65600,117900,59,43,0.797,1
Embry-Riddle Aeronautical University-Worldwide,Florida,55800,96800,67,3,0.735,7
Emory University,Georgia,62000,110800,44,20,0.787,2
Emporia State University,Kansas,43500,78000,60,9,0.793,19
Erskine College,South-Carolina,43500,78000,57,28,0.793,12
Fairfield University,Connecticut,62300,116900,41,17,0.876,4
Fairleigh Dickinson University-Florham Campus,New-Jersey,53700,98500,42,6,0.834,9
Fairleigh Dickinson University-Florham Campus,New-Jersey,53700,98500,42,6,0.834,9
Fairleigh Dickinson University-Metropolitan Campus,New-Jersey,50800,93000,43,23,0.831,19
Fairmont State University,West-Virginia,42900,74100,53,7,0.727,14
Faulkner University,Alabama,39400,71300,61,2,0.81,21
Felician University,New-Jersey,53200,98200,51,10,0.846,11
Ferris State University,Michigan,50000,89300,50,8,0.786,17
Ferrum College,Virginia,43000,80600,54,6,0.874,25
Fisk University,Tennessee,45300,83600,53,39,0.845,11
Florida Agricultural and Mechanical University,Florida,48000,83900,62,8,0.748,25
Florida Atlantic University,Florida,49400,91200,51,15,0.846,11
Florida Institute of Technology,Florida,58300,105400,53,48,0.808,3
Florida International University,Florida,49600,90100,51,16,0.817,13
Florida State University,Florida,50800,92700,49,18,0.825,8
Fordham University,New-York,58700,112500,38,10,0.917,17
Fort Hays State University,Kansas,45100,79300,64,6,0.758,16
Fort Lewis College,Colorado,48300,82600,55,19,0.71,13
Francis Marion University,South-Carolina,42900,77600,58,18,0.809,13
Franciscan Missionaries of Our Lady University,Louisiana,51200,90900,87,1,0.775,8
Franklin and Marshall College,Pennsylvania,57200,109700,42,23,0.918,11
Franklin College,Indiana,48900,86200,45,21,0.763,16
Franklin Pierce University,New-Hampshire,47800,85600,52,3,0.791,7
Freed-Hardeman University,Tennessee,43700,78200,54,9,0.789,20
Friends University,Kansas,44700,76500,59,14,0.711,21
Frostburg State University,Maryland,49600,87000,48,19,0.754,21
Furman,South-Carolina,52100,98800,48,16,0.896,3
George Fox University,Oregon,51200,89600,52,8,0.75,13
George Mason University,Virginia,58900,105700,48,23,0.795,8
Georgetown College,Kentucky,45000,81900,54,10,0.82,9
Georgia College & State University,Georgia,45300,80300,51,12,0.773,20
Georgia Institute of Technology-Main Campus,Georgia,72700,133400,48,80,0.835,1
Georgia Southern University,Georgia,49000,88000,49,17,0.796,8
Georgia State University,Georgia,50600,90800,47,18,0.794,7
Gettysburg College,Pennsylvania,58400,109300,39,24,0.872,12
Glenville State College,West-Virginia,37400,67700,60,3,0.81,17
Goddard College,Vermont,42700,76900,0,0,0.801,10
Golden Gate University-San Francisco,California,59200,109800,49,3,0.855,24
Goldey-Beacom College,Delaware,49800,86900,42,25,0.745,2
Gonzaga University,Washington,57800,107600,51,19,0.862,4
Goucher College,Maryland,49400,90600,42,11,0.834,17
Graceland University-Lamoni,Iowa,48300,88700,66,5,0.836,10
Grambling State University,Louisiana,43100,73100,66,10,0.696,21
Granite State College,New-Hampshire,43500,76900,67,3,0.768,13
Green Mountain College,Vermont,42000,75200,57,2,0.79,12
Grinnell College,Iowa,53400,96500,49,41,0.807,4
Grove City College,Pennsylvania,54400,98400,53,29,0.809,24
Gustavus Adolphus College,Minnesota,51200,96800,47,22,0.891,7
Hamilton College,New-York,62600,108100,45,25,0.727,23
Hamline University,Minnesota,48100,90400,52,5,0.879,14
Hampden-Sydney College,Virginia,58300,108600,52,20,0.863,6
Hampton University,Virginia,52700,92600,61,12,0.757,13
Hanover College,Indiana,47500,85100,53,24,0.792,18
Harding University,Arkansas,49200,88600,47,10,0.801,4
Harvard University,Massachusetts,74800,146800,54,19,0.963,2
Harvey Mudd College,California,88800,158200,55,85,0.782,1
Hastings College,Nebraska,48600,87100,55,14,0.792,8
Haverford College,Pennsylvania,59300,112300,47,36,0.894,10
Hawaii Pacific University,Hawaii,52200,93500,56,15,0.791,2
Henderson State University,Arkansas,42900,79800,57,5,0.86,10
Hendrix College,Arkansas,48100,90300,58,33,0.877,2
Heritage University,Washington,41100,73600,0,17,0.791,25
High Point University,North-Carolina,48600,84300,50,8,0.735,12
Hobart William Smith Colleges,New-York,56500,108500,46,18,0.92,22
Hofstra University,New-York,57300,110400,38,7,0.927,18
Holy Cross College,Indiana,48100,87800,0,0,0.825,15
Hood College,Maryland,47900,82600,49,32,0.724,25
Hope College,Michigan,49200,90900,51,18,0.848,14
Huntingdon College,Alabama,42400,78900,69,14,0.861,14
Husson University,Maine,43300,77600,52,1,0.792,10
Idaho State University,Idaho,50800,91800,64,12,0.807,3
Illinois Institute of Technology,Illinois,64600,118500,47,64,0.834,1
Illinois State University,Illinois,51200,95000,47,10,0.855,16
Illinois Wesleyan University,Illinois,53100,96000,44,18,0.808,12
Independence University,Utah,40500,74100,78,2,0.83,10
Indiana Institute of Technology,Indiana,50000,84900,46,11,0.698,19
Indiana State University,Indiana,47900,85600,55,8,0.787,17
Indiana University-Bloomington,Indiana,53600,97100,47,16,0.812,9
Indiana University-Purdue University-Fort Wayne,Indiana,47300,83200,52,17,0.759,24
Indiana University-Purdue University-Indianapolis,Indiana,50500,88200,55,15,0.747,14
Iowa State University,Iowa,56100,101300,48,31,0.806,1
Iowa Wesleyan University,Iowa,42600,77200,60,8,0.812,25
Jackson State University,Mississippi,41700,74600,67,16,0.789,6
Jacksonville State University,Alabama,43800,80000,61,7,0.826,12
Jacksonville University,Florida,50100,90400,66,5,0.804,12
James Madison University,Virginia,57400,102600,42,12,0.787,9
Jefferson College of Health Sciences,Virginia,55500,97600,86,1,0.759,11
John Brown University,Arkansas,47000,82700,53,9,0.76,5
John Carroll University,Ohio,51600,97300,39,16,0.886,11
John Wesley University,North-Carolina,45100,82100,0,0,0.82,18
Johns Hopkins University,Maryland,67200,117100,57,31,0.743,3
Johnson & Wales University-Denver,Colorado,41500,74800,39,0,0.802,18
Johnson & Wales University-Online,Rhode-Island,46200,81600,43,0,0.766,10
Johnson & Wales University-Providence,Rhode-Island,46500,78900,41,5,0.697,11
Johnson C Smith University,North-Carolina,45700,83300,57,16,0.823,13
Johnson State College,Vermont,39500,72100,46,2,0.825,14
Judson College,Alabama,37900,67600,65,13,0.784,23
Kalamazoo College,Michigan,51600,94500,52,31,0.831,8
Kansas City Art Institute,Missouri,42500,77700,37,0,0.828,22
Kansas State University,Kansas,52500,97200,51,18,0.851,2
Kansas Wesleyan University,Kansas,44700,79400,61,10,0.776,15
Kean University,New-Jersey,48200,90000,51,10,0.867,22
Keene State College,New-Hampshire,48900,83600,49,8,0.71,10
Kennesaw State University,Georgia,52500,94600,46,22,0.802,5
Kentucky Christian University,Kentucky,39600,70300,68,3,0.775,22
Kentucky State University,Kentucky,40700,73100,57,13,0.796,18
Kentucky Wesleyan College,Kentucky,42100,76800,65,14,0.824,14
Kenyon College,Ohio,55000,103800,50,17,0.887,7
Kettering College,Ohio,54300,95800,0,0,0.764,14
Kettering University,Michigan,69900,125000,44,74,0.788,1
Knox College,Illinois,50600,95400,45,24,0.885,15
La Salle University,Pennsylvania,55800,104800,40,5,0.878,15
Lafayette College,Pennsylvania,66500,122500,37,47,0.842,6
Lake Forest College,Illinois,55400,102600,46,21,0.852,9
Lake Superior State University,Michigan,45900,83500,48,14,0.819,24
Lakeview College of Nursing,Illinois,55000,94100,83,0,0.711,18
Lamar University,Texas,53300,101200,57,16,0.899,13
Lander University,South-Carolina,42600,77100,54,9,0.81,15
Langston University,Oklahoma,46500,81500,66,8,0.753,11
Lawrence Technological University,Michigan,57900,108400,49,60,0.872,4
Lawrence University,Wisconsin,51500,98800,58,25,0.918,5
Lehigh University,Pennsylvania,69500,134100,45,52,0.929,2
Lenoir-Rhyne University,North-Carolina,46400,86300,54,7,0.86,10
LeTourneau University,Texas,56600,98900,53,21,0.747,18
Lewis & Clark College,Oregon,50000,93200,51,12,0.864,10
Lewis University,Illinois,49700,89800,53,14,0.807,25
Lewis-Clark State College,Idaho,44900,77600,60,5,0.728,7
Limestone College,South-Carolina,42100,76500,57,10,0.817,16
Lindenwood University,Missouri,45100,78500,48,9,0.741,21
Lindsey Wilson College,Kentucky,35300,64100,52,2,0.816,25
Linfield College-McMinnville Campus,Oregon,52100,92000,48,17,0.766,11
Linfield College-Online and Continuing Education,Oregon,50900,94000,0,0,0.847,8
Lipscomb University,Tennessee,49000,84800,59,12,0.731,9
Longwood University,Virginia,47300,83300,54,9,0.761,21
Loras College,Iowa,48000,90100,56,14,0.877,7
Louisiana College,Louisiana,44800,79800,58,4,0.781,17
Louisiana State University and Agricultural & Mechanical College,Louisiana,54800,102900,53,24,0.878,2
Louisiana State University Health Sciences Center-New Orleans,Louisiana,52300,94200,86,2,0.801,4
Louisiana State University-Shreveport,Louisiana,44500,79800,54,10,0.793,17
Louisiana Tech University,Louisiana,53100,100700,57,24,0.896,3
Loyola Marymount University,California,58500,113300,39,9,0.937,18
Loyola University Chicago,Illinois,53400,96000,45,15,0.798,12
Loyola University Maryland,Maryland,59900,111200,40,8,0.856,5
Loyola University New Orleans,Louisiana,47900,88600,47,4,0.85,9
Luther College,Iowa,48200,85900,49,21,0.782,14
Lynchburg College,Virginia,47700,89100,54,11,0.868,15
Lyndon State College,Vermont,41500,75100,49,8,0.81,13
Lynn University,Florida,46100,85000,45,2,0.844,22
Lyon College,Arkansas,41200,74300,53,33,0.803,15
Macalester College,Minnesota,53600,100400,51,31,0.873,6
Maharishi University of Management,Iowa,46800,85200,0,65,0.821,16
Maine College of Art,Maine,36300,64600,37,0,0.78,17
Maine Maritime Academy,Maine,67000,121800,65,48,0.818,1
Manchester University,Indiana,46900,84700,56,10,0.806,20
Manhattan Christian College,Kansas,39400,72200,0,0,0.832,24
Manhattan College,New-York,64000,125700,46,40,0.964,12
Marian University (Indiana),Indiana,48400,82000,51,3,0.694,25
Marian University (Wisconsin),Wisconsin,46500,90800,52,2,0.953,8
Marietta College,Ohio,51200,94300,57,45,0.842,15
Marquette University,Wisconsin,57800,105900,52,25,0.832,2
Marshall University,West-Virginia,45000,79700,50,12,0.771,9
Maryland Institute College of Art,Maryland,49000,84500,40,0,0.724,24
Marylhurst University,Oregon,46200,79800,63,0,0.727,19
Marymount University,Virginia,52300,93100,44,15,0.78,12
Maryville College,Tennessee,42800,75300,68,16,0.759,24
Maryville University of Saint Louis,Missouri,46800,80100,53,2,0.712,18
Massachusetts Institute of Technology,Massachusetts,86300,155200,52,69,0.798,1
Massachusetts Maritime Academy,Massachusetts,67900,117500,53,47,0.73,8
Mayville State University,North-Dakota,43700,81300,44,10,0.86,4
McDaniel College,Maryland,51100,94600,54,6,0.851,12
McNeese State University,Louisiana,50200,88200,57,13,0.757,11
McPherson College,Kansas,44500,80900,59,9,0.818,14
MCPHS University,Massachusetts,65900,121800,71,2,0.848,6
Medical University of South Carolina,South-Carolina,54800,92700,88,6,0.692,5
Menlo College,California,61900,112400,59,0,0.816,20
Mercer University,Georgia,48500,85100,62,14,0.755,11
Merrimack College,Massachusetts,56000,102500,50,13,0.83,22
Methodist College,Illinois,51400,90500,0,0,0.761,23
Methodist University,North-Carolina,45800,80500,58,9,0.758,19
Metropolitan State University,Minnesota,50200,85900,53,11,0.711,20
Metropolitan State University of Denver,Colorado,49400,87200,51,11,0.765,11
Miami University-Oxford,Ohio,57200,107300,46,22,0.876,2
Michigan State University,Michigan,55300,100800,46,20,0.823,5
Michigan Technological University,Michigan,65000,116300,47,81,0.789,2
Mid-America Christian University,Oklahoma,40700,74100,71,0,0.821,21
MidAmerica Nazarene University,Kansas,46200,78500,60,1,0.699,18
Middle Georgia State University,Georgia,44000,79800,57,11,0.814,23
Middle Tennessee State University,Tennessee,46500,81100,52,9,0.744,15
Middlebury College,Vermont,60400,109800,54,19,0.818,1
Midland University,Nebraska,43800,78100,60,7,0.783,13
Midway University,Kentucky,39200,70300,53,3,0.793,22
Miles College,Alabama,34800,65100,64,19,0.871,25
Milligan College,Tennessee,41200,74900,63,5,0.818,25
Millsaps College,Mississippi,49300,88700,56,24,0.799,3
Milwaukee School of Engineering,Wisconsin,65700,117600,50,69,0.79,1
Minneapolis College of Art and Design,Minnesota,47400,84700,39,0,0.787,24
Minnesota State University-Mankato,Minnesota,51600,90900,54,13,0.762,13
Minot State University,North-Dakota,44500,74100,55,7,0.665,7
Mississippi College,Mississippi,45200,79500,57,20,0.759,5
Mississippi State University,Mississippi,51100,94100,57,27,0.841,1
Mississippi University for Women,Mississippi,39500,69500,63,2,0.759,10
Mississippi Valley State University,Mississippi,32500,61900,70,11,0.905,14
Missouri State University-Springfield,Missouri,45900,86800,50,9,0.891,11
Missouri University of Science and Technology,Missouri,67300,122600,50,80,0.822,1
Missouri Western State University,Missouri,43400,77700,53,14,0.79,22
Monmouth University,New-Jersey,52200,93200,44,13,0.785,18
Montana State University,Montana,53700,96200,54,31,0.791,2
Montana State University-Billings,Montana,43300,77700,59,5,0.794,7
Montana State University-Northern,Montana,43400,75400,63,1,0.737,8
Montana Tech of the University of Montana,Montana,61200,112600,64,61,0.84,1
Montclair State University,New-Jersey,50800,95400,42,9,0.878,14
Morehead State University,Kentucky,41300,74900,56,9,0.814,16
Morehouse College,Georgia,55700,98700,58,26,0.772,4
Morningside College,Iowa,44900,82100,60,6,0.829,19
Mount Carmel College of Nursing,Ohio,56600,99700,78,0,0.761,8
Mount Marty College,South-Dakota,41400,76500,67,5,0.848,8
Mount Mercy University,Iowa,47200,79000,51,4,0.674,22
Mount St. Mary's University,Maryland,50200,94100,50,11,0.875,13
Muhlenberg College,Pennsylvania,53400,101900,43,20,0.908,17
Multnomah University,Oregon,40500,76400,82,0,0.886,22
Murray State University,Kentucky,44800,79900,56,9,0.783,12
nazarene Bible College,Colorado,33600,60100,0,0,0.789,19
Nebraska Methodist College of Nursing & Allied Health,Nebraska,51300,89800,84,0,0.75,5
Nebraska Wesleyan University,Nebraska,45700,80500,60,8,0.761,12
New College of Florida,Florida,47300,86500,40,4,0.829,20
New England College,New-Hampshire,45700,86400,43,24,0.891,6
New England Institute of Technology,Rhode-Island,51700,93200,44,14,0.803,7
New Hope Christian College-Eugene,Oregon,34200,61600,0,0,0.801,24
New Jersey City University,New-Jersey,48700,87600,55,9,0.799,24
New Jersey Institute of Technology,New-Jersey,64600,121300,51,75,0.878,3
New Mexico Highlands University,New-Mexico,40400,73800,63,4,0.827,6
New Mexico Institute of Mining and Technology,New-Mexico,64700,120400,61,91,0.861,1
New Mexico State University-Main Campus,New-Mexico,50400,96700,60,22,0.919,2
New Orleans Baptist Theological Seminary,Louisiana,33900,61500,0,0,0.814,23
New York University,New-York,63100,117700,42,18,0.865,13
Newberry College,South-Carolina,41200,74700,54,14,0.813,19
Newman University,Kansas,48000,88500,66,11,0.844,6
Nicholls State University,Louisiana,44500,84300,53,5,0.894,14
North Carolina A & T State University,North-Carolina,52600,93400,61,25,0.776,7
North Carolina State University at Raleigh,North-Carolina,57300,106500,52,47,0.859,4
North Carolina Wesleyan College,North-Carolina,45300,78800,62,8,0.74,21
North Central College,Illinois,50400,92900,45,9,0.843,19
North Dakota State University-Main Campus,North-Dakota,54200,98600,56,27,0.819,1
Northeastern State University,Oklahoma,44500,77600,58,7,0.744,16
Northeastern University,Massachusetts,62500,109700,46,40,0.755,16
Northern Arizona University,Arizona,49600,90000,56,12,0.815,4
Northern Illinois University,Illinois,53000,95500,47,20,0.802,14
Northern Kentucky University,Kentucky,49000,87400,46,12,0.784,6
Northern State University,South-Dakota,42300,77700,56,7,0.837,7
Northwest Christian University,Oregon,45200,81100,62,5,0.794,17
Northwest Missouri State University,Missouri,46900,85100,50,26,0.814,13
Northwest Nazarene University,Idaho,46200,80600,68,7,0.745,6
Northwest University,Washington,50900,89000,51,3,0.749,16
Northwestern College,Iowa,44800,82400,42,11,0.839,18
Northwestern Oklahoma State University,Oklahoma,42200,76800,55,11,0.82,18
Northwestern State University of Louisiana,Louisiana,44300,79300,62,6,0.79,20
Northwestern University,Illinois,63400,115400,46,20,0.82,2
Northwood University,Michigan,47800,86300,47,1,0.805,19
Norwich University,Vermont,57000,99100,51,20,0.739,3
Notre Dame of Maryland University,Maryland,48300,86400,58,3,0.789,23
Nova Southeastern University,Florida,50200,89800,60,9,0.789,14
Oakland University,Michigan,51300,93300,49,19,0.819,9
Oakwood University,Alabama,43500,78800,71,16,0.811,15
Oberlin College,Ohio,53100,96800,47,21,0.823,13
Oglethorpe University,Georgia,52400,91400,50,12,0.744,6
Ohio Northern University,Ohio,54400,103900,49,22,0.91,6
Ohio State University-Main Campus,Ohio,55300,98600,49,27,0.783,10
Ohio University-Main Campus,Ohio,51400,93300,47,9,0.815,17
Ohio Valley University,West-Virginia,38800,71100,81,1,0.832,16
Ohio Wesleyan University,Ohio,51300,99200,46,21,0.934,9
Oklahoma Baptist University,Oklahoma,43900,76600,62,8,0.745,19
Oklahoma Christian University,Oklahoma,49700,87900,57,41,0.769,7
Oklahoma City University,Oklahoma,47700,87900,58,9,0.843,7
Oklahoma Panhandle State University,Oklahoma,42300,74400,54,10,0.759,20
Oklahoma State University Institute of Technology,Oklahoma,52600,92300,53,14,0.755,5
Oklahoma State University-Main Campus,Oklahoma,52800,98600,54,25,0.867,4
Oklahoma Wesleyan University,Oklahoma,43300,78700,58,1,0.818,15
Old Dominion University,Virginia,50200,89900,52,19,0.791,14
Oral Roberts University,Oklahoma,45900,85100,59,8,0.854,9
Oregon Health & Science University,Oregon,65400,108300,79,10,0.656,1
Oregon Institute of Technology,Oregon,61200,106800,60,27,0.745,2
Oregon State University,Oregon,56200,104800,53,34,0.865,5
Ottawa University-Kansas City,Kansas,45200,82600,0,9,0.827,13
Ottawa University-Online,Kansas,47300,84900,0,7,0.795,8
Ottawa University-Ottawa,Kansas,49800,89900,57,7,0.805,4
Ottawa University-Phoenix,Arizona,42000,74600,54,0,0.776,6
Ouachita Baptist University,Arkansas,44100,80200,58,18,0.819,8
Pace University-New York,New-York,59800,107800,40,14,0.803,24
Pacific Lutheran University,Washington,54500,98100,53,20,0.8,10
Pacific Northwest College of Art,Oregon,46300,85000,0,0,0.836,15
Pacific University,Oregon,50200,94000,66,8,0.873,8
Park University,Missouri,48500,85000,56,7,0.753,14
Pennsylvania State University-Main Campus,Pennsylvania,58500,105500,47,37,0.803,13
Pennsylvania State University-Penn State Erie-Behrend College,Pennsylvania,58800,97900,44,32,0.665,25
Pennsylvania State University-Penn State Harrisburg,Pennsylvania,55000,100400,47,31,0.825,19
Peru State College,Nebraska,42600,74800,50,6,0.756,17
Pfeiffer University,North-Carolina,44200,78000,51,4,0.765,23
Philander Smith College,Arkansas,34600,61200,0,26,0.769,19
Pittsburg State University,Kansas,47100,84900,51,8,0.803,8
Plymouth State University,New-Hampshire,47000,82200,50,6,0.749,12
Polytechnic University of Puerto Rico-Miami,Florida,60600,108300,61,10,0.787,2
Polytechnic University of Puerto Rico-Orlando,Florida,57600,102200,66,29,0.774,5
Pomona College,California,63800,117200,47,37,0.837,13
Portland State University,Oregon,50800,90500,48,16,0.781,12
Prairie View A&M University,Texas,57800,99400,65,22,0.72,17
Presbyterian College,South-Carolina,48800,89900,57,14,0.842,6
Prescott College,Arizona,41200,73500,69,0,0.784,7
Princeton University,New-Jersey,75200,139400,48,48,0.854,2
Principia College,Illinois,52600,94900,56,19,0.804,17
Providence College,Rhode-Island,58900,106900,44,11,0.815,3
Purdue University-Main Campus,Indiana,60900,110000,48,38,0.806,4
Queens University of Charlotte,North-Carolina,49400,86600,48,9,0.753,9
Quinnipiac University,Connecticut,55900,97700,46,10,0.748,10
Radford University,Virginia,48900,82900,53,10,0.695,22
Ramapo College of New Jersey,New-Jersey,51600,95200,41,12,0.845,15
Randolph College,Virginia,47000,86100,50,23,0.832,19
Reed College,Oregon,56100,104900,44,26,0.87,3
Regis University,Colorado,55500,94800,58,13,0.708,8
Rensselaer Polytechnic Institute,New-York,71300,134100,49,78,0.881,6
Rhode Island College,Rhode-Island,47200,83500,52,5,0.769,9
Rhode Island School of Design,Rhode-Island,55500,100600,39,0,0.813,4
Rhodes College,Tennessee,51900,97800,46,25,0.884,2
Rice University,Texas,71000,129500,50,45,0.824,1
Rider University,New-Jersey,51600,99000,47,5,0.919,8
Ripon College,Wisconsin,46300,89600,60,26,0.935,10
Rivier University,New-Hampshire,49500,85100,58,41,0.719,8
Roanoke College,Virginia,48500,85100,53,18,0.755,20
Rockhurst University,Missouri,54000,92500,59,11,0.713,7
Rocky Mountain College,Montana,46000,82900,59,12,0.802,5
Roger Williams University,Rhode-Island,52900,92700,48,12,0.752,8
Rogers State University,Oklahoma,41400,73800,48,11,0.783,22
Rollins College,Florida,49000,87000,53,7,0.776,18
Rose-Hulman Institute of Technology,Indiana,75000,135800,51,96,0.811,1
Rowan University,New-Jersey,51100,91200,43,21,0.785,20
Rush University,Illinois,63500,107600,88,6,0.694,5
Rust College,Mississippi,34800,62400,76,32,0.793,13
Rutgers University-Camden,New-Jersey,51100,93900,50,9,0.838,17
Rutgers University-New Brunswick,New-Jersey,59800,111000,42,29,0.856,4
Rutgers University-Newark,New-Jersey,57900,101800,52,11,0.758,6
Sacred Heart University,Connecticut,55000,100500,46,15,0.827,9
Saginaw Valley State University,Michigan,46400,82200,54,12,0.772,25
Saint Ambrose University,Iowa,46900,84400,48,8,0.8,17
Saint Anselm College,New-Hampshire,56400,100300,59,11,0.778,2
Saint Cloud State University,Minnesota,51600,91600,50,15,0.775,11
Saint Francis Medical Center College of Nursing,Illinois,52800,90800,0,0,0.72,22
Saint Johns University,Minnesota,59400,108400,45,25,0.825,2
Saint Joseph's College of Maine,Maine,46900,84300,60,2,0.797,7
Saint Joseph's University,Pennsylvania,57300,105100,41,6,0.834,14
Saint Louis University,Missouri,54200,95300,56,13,0.758,4
Saint Martin's University,Washington,53200,91800,60,29,0.726,15
Saint Mary's College,Indiana,49700,89300,54,15,0.797,12
Saint Mary's College of California,California,59900,110800,51,5,0.85,21
Saint Mary's University of Minnesota,Minnesota,53000,93700,53,5,0.768,10
Saint Michael's College,Vermont,52900,98500,40,18,0.862,4
Saint Norbert College,Wisconsin,49300,88700,40,15,0.799,13
Saint Peter's University,New-Jersey,52900,95900,35,14,0.813,12
Saint Xavier University,Illinois,49400,91200,60,10,0.846,20
Salisbury University,Maryland,50400,89800,51,12,0.782,19
Salve Regina University,Rhode-Island,53000,93900,50,6,0.772,6
Samford University,Alabama,48400,90500,52,3,0.87,5
Samuel Merritt University,California,91200,154100,90,0,0.69,2
San Jose State University,California,63000,114700,53,28,0.821,17
Santa Clara University,California,69900,134700,44,29,0.927,6
Savannah College of Art and Design,Georgia,46800,80100,34,3,0.712,21
Seattle Pacific University,Washington,53600,103400,52,9,0.929,6
Seattle University,Washington,60600,113700,59,12,0.876,1
Seton Hall University,New-Jersey,57100,103800,45,8,0.818,5
Sewanee-The University of the South,Tennessee,53700,97800,57,17,0.821,2
Shenandoah University,Virginia,48700,86600,57,7,0.778,18
Shepherd University,West-Virginia,47100,87100,48,12,0.849,4
Shorter University,Georgia,45600,79900,55,6,0.752,22
Sierra Nevada College,Nevada,54000,95500,39,2,0.769,1
Simpson College,Iowa,49900,88600,47,17,0.776,11
Smith College,Massachusetts,52700,98200,51,26,0.863,24
South Carolina State University,South-Carolina,44500,80800,71,16,0.816,10
South Dakota School of Mines and Technology,South-Dakota,66500,118500,58,92,0.782,1
South Dakota State University,South-Dakota,50500,91900,58,18,0.82,2
Southeast Missouri State University,Missouri,43700,79100,52,9,0.81,20
Southeastern Louisiana University,Louisiana,46700,83900,51,8,0.797,15
Southeastern Oklahoma State University,Oklahoma,45000,80500,53,15,0.789,14
Southern Adventist University,Tennessee,47500,84000,67,9,0.768,10
Southern Arkansas University Main Campus,Arkansas,42800,80100,56,53,0.871,9
Southern Connecticut State University,Connecticut,48500,83600,51,6,0.724,20
Southern Illinois University-Carbondale,Illinois,49700,90900,54,17,0.829,21
Southern Illinois University-Edwardsville,Illinois,51400,90100,50,21,0.753,24
Southern Methodist University,Texas,59700,110400,46,22,0.849,5
Southern Nazarene University,Oklahoma,46100,81000,62,5,0.757,13
Southern New Hampshire University,New-Hampshire,47400,83400,49,8,0.759,11
Southern Oregon University,Oregon,46000,81200,54,6,0.765,16
Southern University and A&M College,Louisiana,48000,83100,65,17,0.731,16
Southern University at New Orleans,Louisiana,40100,71000,76,13,0.771,22
Southern Utah University,Utah,46400,84400,65,7,0.819,8
Southern Vermont College,Vermont,42900,78700,63,17,0.834,9
Southern Wesleyan University,South-Carolina,42900,74600,52,5,0.739,20
Southwestern College (Kansas),Kansas,48500,83500,61,10,0.722,11
Southwestern Oklahoma State University,Oklahoma,47900,90800,58,5,0.896,6
Southwestern University,Texas,51800,93500,51,19,0.805,25
Spalding University,Kentucky,44800,79200,71,0,0.768,13
Spelman College,Georgia,50200,85400,52,24,0.701,10
Spring Hill College,Alabama,46600,89100,53,12,0.912,6
St Catherine University,Minnesota,48800,82600,65,2,0.693,25
St Mary's College of Maryland,Maryland,53300,95400,45,27,0.79,11
St Olaf College,Minnesota,54100,101900,46,30,0.884,5
St Thomas University,Florida,47400,84500,57,4,0.783,23
St Vincent's College,Connecticut,46800,87900,0,0,0.878,16
St. John's College,Maryland,55900,101200,0,0,0.81,7
St. John's College-Department of Nursing,Illinois,55100,100000,0,0,0.815,10
St. Mary's University,Texas,52900,95300,61,17,0.802,22
Stanford University,California,79000,145200,56,51,0.838,4
Stephens College,Missouri,42800,77200,47,6,0.804,24
Sterling College,Kansas,42700,79100,73,7,0.852,17
Stetson University,Florida,47000,86000,44,7,0.83,21
Stevens Institute of Technology,New-Jersey,75100,139900,47,79,0.863,1
"Stevens-Henager College (Murray, Utah)",Utah,42400,76100,54,51,0.795,9
Stevenson University,Maryland,50400,91600,51,15,0.817,15
Stockton University,New-Jersey,47400,85800,49,16,0.81,25
Stonehill College,Massachusetts,55900,103200,42,18,0.846,19
Stony Brook University,New-York,59200,107800,49,35,0.821,24
SUNY Downstate Medical Center,New-York,64000,109300,83,0,0.708,21
SUNY Maritime College,New-York,74900,140700,53,32,0.879,4
Swarthmore College,Pennsylvania,67500,123200,44,45,0.825,4
Tabor College,Kansas,43300,77500,62,7,0.79,20
Taylor University,Indiana,48700,90600,59,16,0.86,10
Tennessee State University,Tennessee,47200,78400,68,14,0.661,19
Tennessee Technological University,Tennessee,53100,95100,48,28,0.791,6
Texas A&M University-College Station,Texas,60600,115700,53,30,0.909,3
Texas A&M University-Kingsville,Texas,53100,97500,63,53,0.836,20
Texas Christian University,Texas,56000,98700,51,9,0.763,19
Texas Tech University,Texas,56800,106500,54,22,0.875,7
Texas Tech University Health Sciences Center,Texas,61300,104900,86,3,0.711,8
The College of Idaho,Idaho,44700,82100,48,17,0.837,5
The College of New Jersey,New-Jersey,58200,101800,44,16,0.749,6
The College of Saint Scholastica,Minnesota,51200,86800,64,12,0.695,16
The College of Wooster,Ohio,49200,91300,56,32,0.856,19
The Evergreen State College,Washington,47500,83500,47,0,0.758,23
The King's University,Texas,63800,116500,33,0,0.826,2
The University of Alabama,Alabama,52300,97400,50,15,0.862,3
The University of Findlay,Ohio,49100,87900,53,3,0.79,23
The University of Montana,Montana,46500,87800,51,8,0.888,4
The University of Montana-Western,Montana,35400,63700,63,4,0.799,9
The University of Tampa,Florida,49200,91500,48,8,0.86,9
The University of Tennessee-Chattanooga,Tennessee,46000,82300,56,17,0.789,13
The University of Tennessee-Knoxville,Tennessee,51200,95100,52,21,0.857,6
The University of Tennessee-Martin,Tennessee,44400,78600,58,10,0.77,18
The University of Texas at Arlington,Texas,55400,99500,55,22,0.796,16
The University of Texas at Austin,Texas,60700,112800,49,28,0.858,4
The University of Texas at Dallas,Texas,57100,100900,42,44,0.767,14
The University of Texas Health Science Center at Houston,Texas,65400,109400,80,14,0.673,6
The University of Texas Health Science Center at San Antonio,Texas,59400,100200,85,4,0.687,15
The University of Texas Medical Branch,Texas,61100,103100,87,3,0.687,10
The University of Virginia's College at Wise,Virginia,46500,82600,53,5,0.776,23
Thomas College,Maine,46100,81500,49,3,0.768,8
Thomas Edison State University,New-Jersey,52500,95600,54,0,0.821,13
Thomas Jefferson University,Pennsylvania,63400,102500,83,7,0.617,16
Thomas More College,Kentucky,50000,90900,56,8,0.818,2
Thomas More College of Liberal Arts,New-Hampshire,48900,88300,0,0,0.806,5
Tougaloo College,Mississippi,36900,66400,69,18,0.799,12
Towson University,Maryland,51200,91200,47,15,0.781,16
Transylvania University,Kentucky,47900,85600,51,25,0.787,7
Trevecca Nazarene University,Tennessee,45300,81700,65,5,0.804,14
Trine University,Indiana,55100,100300,56,26,0.82,6
Trinity Bible College and Graduate School,North-Dakota,34100,61300,0,0,0.798,9
Trinity College,Connecticut,60100,110900,49,22,0.845,5
Trinity University,Texas,54900,102900,46,27,0.874,11
Troy University,Alabama,44500,81500,60,8,0.831,11
Truman State University,Missouri,47900,85800,48,16,0.791,12
Tufts University,Massachusetts,65200,118100,49,25,0.811,7
Tulane University of Louisiana,Louisiana,56800,105300,44,22,0.854,1
Tuskegee University,Alabama,54500,93500,61,30,0.716,4
Union College (Kentucky),Kentucky,40400,76000,37,4,0.881,15
Union College (Nebraska),Nebraska,49100,87800,55,9,0.788,7
Union College (New York),New-York,63300,117500,50,47,0.856,14
Union University,Tennessee,46400,83000,59,6,0.789,12
United States Air Force Academy,Colorado,76300,138100,69,43,0.81,2
United States Coast Guard Academy,Connecticut,67300,118100,68,69,0.755,2
United States Merchant Marine Academy,New-York,80600,140700,62,56,0.746,4
United States Military Academy,New-York,80200,144000,61,39,0.796,2
United States Naval Academy,Maryland,80100,152800,64,58,0.908,1
Unity College,Maine,38200,69500,0,23,0.819,15
University of Akron Main Campus,Ohio,50700,89200,48,22,0.759,20
University of Alabama at Birmingham,Alabama,48600,87200,57,17,0.794,8
University of Alabama in Huntsville,Alabama,57500,103900,59,45,0.807,2
University of Alaska Anchorage,Alaska,56000,101000,57,10,0.804,2
University of Alaska Fairbanks,Alaska,59100,101800,54,20,0.723,1
University of Arizona,Arizona,56100,101000,51,23,0.8,2
University of Arkansas,Arkansas,52500,98000,49,18,0.867,1
University of Arkansas at Little Rock,Arkansas,45600,80800,55,13,0.772,7
University of Arkansas at Monticello,Arkansas,43500,78300,61,2,0.8,12
University of Arkansas at Pine Bluff,Arkansas,40500,70500,67,22,0.741,17
University of Arkansas for Medical Sciences,Arkansas,51700,89100,84,3,0.723,3
University of Arkansas-Fort Smith,Arkansas,40700,71100,55,9,0.747,16
University of Baltimore,Maryland,51000,89600,56,2,0.757,20
University of Bridgeport,Connecticut,49900,93600,59,31,0.876,13
University of California-Berkeley,California,70700,131800,49,36,0.864,7
University of California-Davis,California,61500,112600,52,35,0.831,19
University of California-Irvine,California,59600,116000,49,34,0.946,16
University of California-Los Angeles,California,62000,116100,48,31,0.873,15
University of California-San Diego,California,63400,123700,52,58,0.951,10
University of California-Santa Barbara,California,59700,116300,47,29,0.948,14
University of Central Arkansas,Arkansas,44900,79800,52,8,0.777,10
University of Central Florida,Florida,49700,88600,50,16,0.783,16
University of Central Missouri,Missouri,46900,83300,54,45,0.776,16
University of Central Oklahoma,Oklahoma,45300,82900,56,8,0.83,10
University of Charleston,West-Virginia,44600,81900,51,4,0.836,8
University of Chicago,Illinois,64000,114200,41,22,0.784,4
University of Cincinnati-Main Campus,Ohio,53600,97300,50,19,0.815,11
University of Colorado Boulder,Colorado,57800,109900,48,39,0.901,3
University of Colorado Colorado Springs,Colorado,52200,90900,53,21,0.741,9
University of Colorado Denver/Anschutz Medical Campus,Colorado,53200,95600,52,17,0.797,7
University of Connecticut,Connecticut,59100,105200,48,24,0.78,6
University of Dallas,Texas,53000,96400,49,16,0.819,21
University of Dayton,Ohio,57400,105000,44,33,0.829,4
University of Delaware,Delaware,58600,105400,43,22,0.799,1
University of Denver,Colorado,55700,105100,48,12,0.887,4
University of Detroit Mercy,Michigan,51800,92800,57,13,0.792,10
University of Dubuque,Iowa,44200,79700,48,7,0.803,21
University of Evansville,Indiana,50300,89900,54,17,0.787,11
University of Florida,Florida,55800,102800,52,29,0.842,4
University of Georgia,Georgia,54400,100700,45,14,0.851,3
University of Hartford,Connecticut,55200,101600,53,15,0.841,7
University of Hawaii at Hilo,Hawaii,44000,77200,59,14,0.755,5
University of Hawaii at Manoa,Hawaii,51600,91600,56,18,0.775,3
University of Hawaii-West Oahu,Hawaii,41300,74300,56,0,0.799,6
University of Holy Cross,Louisiana,48400,86300,69,3,0.783,13
University of Houston,Texas,56000,103900,50,24,0.855,9
University of Houston-Clear Lake,Texas,50700,94800,48,29,0.87,23
University of Idaho,Idaho,52300,97700,54,22,0.868,1
University of Illinois at Chicago,Illinois,56300,103800,48,31,0.844,7
University of Illinois at Urbana-Champaign,Illinois,62600,115300,44,36,0.842,3
University of Indianapolis,Indiana,47300,84500,55,5,0.786,21
University of Iowa,Iowa,54100,99400,48,16,0.837,3
University of Jamestown,North-Dakota,47600,85400,64,11,0.794,3
University of Kansas,Kansas,53000,98600,52,16,0.86,1
University of Kentucky,Kentucky,51700,96400,48,19,0.865,1
University of Louisiana at Lafayette,Louisiana,48200,92500,52,19,0.919,5
University of Louisiana at Monroe,Louisiana,48500,92500,65,7,0.907,5
University of Louisville,Kentucky,49500,87600,50,18,0.77,5
University of Maine,Maine,52000,95000,50,24,0.827,5
University of Maine at Augusta,Maine,41600,73100,61,7,0.757,12
University of Maine at Farmington,Maine,41100,71700,64,5,0.745,13
University of Maine at Fort Kent,Maine,43500,76300,73,5,0.754,11
University of Maine at Machias,Maine,37100,66200,47,13,0.784,16
University of Maine at Presque Isle,Maine,39000,70700,58,6,0.813,14
University of Mary,North-Dakota,46400,79100,64,3,0.705,6
University of Mary Washington,Virginia,54200,98200,49,17,0.812,10
University of Maryland Eastern Shore,Maryland,48300,86700,63,14,0.795,22
"University of Maryland, Baltimore",Maryland,57300,99600,76,4,0.738,8
University of Maryland-Baltimore County,Maryland,58100,103600,54,45,0.783,6
University of Maryland-College Park,Maryland,61300,113400,50,33,0.85,4
University of Maryland-University College,Maryland,55300,99600,59,27,0.801,8
University of Massachusetts-Amherst,Massachusetts,57400,103000,46,24,0.794,20
University of Massachusetts-Lowell,Massachusetts,58800,109300,53,35,0.859,17
University of Memphis,Tennessee,47200,85800,55,12,0.818,8
University of Miami,Florida,56200,99600,48,22,0.772,6
University of Michigan-Ann Arbor,Michigan,63500,112200,45,38,0.767,3
University of Michigan-Dearborn,Michigan,55700,99500,39,37,0.786,6
University of Minnesota-Crookston,Minnesota,49200,86400,54,4,0.756,19
University of Minnesota-Duluth,Minnesota,53200,95700,48,30,0.799,9
University of Minnesota-Morris,Minnesota,46100,85300,53,27,0.85,22
University of Minnesota-Twin Cities,Minnesota,57200,104000,51,30,0.818,4
University of Mississippi,Mississippi,48500,89100,55,12,0.837,2
University of Missouri-Columbia,Missouri,52300,98600,49,17,0.885,3
University of Missouri-Kansas City,Missouri,50800,89600,55,24,0.764,9
University of Missouri-St Louis,Missouri,48700,87500,51,13,0.797,10
University of Mobile,Alabama,40600,74100,77,7,0.825,19
University of Montevallo,Alabama,38900,70700,49,7,0.817,22
University of Mount Union,Ohio,48300,88500,41,19,0.832,22
University of Nebraska at Kearney,Nebraska,44300,80800,52,8,0.824,11
University of Nebraska at Omaha,Nebraska,49400,89500,52,18,0.812,6
University of Nebraska Medical Center,Nebraska,53400,93000,79,6,0.742,3
University of Nebraska-Lincoln,Nebraska,51500,96700,53,20,0.878,1
University of Nevada-Las Vegas,Nevada,50400,90400,46,12,0.794,3
University of Nevada-Reno,Nevada,52700,95000,47,24,0.803,2
University of New England,Maine,50100,91500,69,7,0.826,6
University of New Hampshire at Manchester,New-Hampshire,51900,90900,50,32,0.751,4
University of New Hampshire-Main Campus,New-Hampshire,54300,100300,50,23,0.847,2
University of New Haven,Connecticut,52100,94800,52,25,0.82,11
University of New Mexico-Main Campus,New-Mexico,48400,94000,59,19,0.942,3
University of New Orleans,Louisiana,49900,91600,55,23,0.836,7
University of North Alabama,Alabama,43000,75600,61,6,0.758,18
University of North Carolina at Chapel Hill,North-Carolina,55000,100800,49,19,0.833,5
University of North Carolina at Charlotte,North-Carolina,52500,92600,49,25,0.764,8
University of North Carolina School of the Arts,North-Carolina,46400,82400,44,0,0.776,16
University of North Carolina Wilmington,North-Carolina,46400,80500,47,14,0.735,19
University of North Dakota,North-Dakota,53800,96000,54,16,0.784,2
University of North Florida,Florida,48800,86600,51,11,0.775,19
University of North Georgia,Georgia,47300,85600,51,8,0.81,9
University of Northern Colorado,Colorado,47700,87100,52,7,0.826,12
University of Northern Iowa,Iowa,47100,85300,46,8,0.811,15
University of Notre Dame,Indiana,67000,130500,45,28,0.948,2
University of Oklahoma-Health Sciences Center,Oklahoma,57100,102100,68,3,0.788,2
University of Oklahoma-Norman Campus,Oklahoma,54400,100600,52,23,0.849,3
University of Oregon,Oregon,51800,95800,46,13,0.849,7
University of Pennsylvania,Pennsylvania,72800,133900,41,21,0.839,3
University of Pikeville,Kentucky,39000,70700,74,11,0.813,21
University of Pittsburgh-Pittsburgh Campus,Pennsylvania,55900,100400,50,27,0.796,19
University of Portland,Oregon,58500,104900,52,28,0.793,3
University of Providence,Montana,44700,81900,69,16,0.832,6
University of Puget Sound,Washington,54200,101300,45,21,0.869,8
University of Rhode Island,Rhode-Island,54500,99700,50,18,0.829,5
University of Richmond,Virginia,59800,107500,48,13,0.798,7
University of Rochester,New-York,61100,112700,50,32,0.845,16
University of Saint Francis-Fort Wayne,Indiana,45700,83700,63,5,0.832,22
University of Saint Joseph,Connecticut,49900,88800,63,9,0.78,14
University of Saint Mary,Kansas,49500,89700,61,6,0.812,5
University of San Diego,California,58900,109400,48,12,0.857,25
University of San Francisco,California,60600,109900,52,6,0.814,23
University of Science and Arts of Oklahoma,Oklahoma,37300,67400,49,11,0.807,23
University of Scranton,Pennsylvania,56400,99700,42,12,0.768,23
University of Sioux Falls,South-Dakota,44400,78200,64,6,0.761,6
University of South Alabama,Alabama,47700,86400,56,17,0.811,9
University of South Carolina-Aiken,South-Carolina,41600,75100,58,10,0.805,18
University of South Carolina-Columbia,South-Carolina,50300,89900,52,20,0.787,6
University of South Carolina-Upstate,South-Carolina,46000,81400,50,13,0.77,9
University of South Dakota,South-Dakota,47500,87900,56,8,0.851,4
University of South Florida-Main Campus,Florida,49700,91300,49,25,0.837,10
University of Southern California,California,64500,120600,47,23,0.87,11
University of Southern Maine,Maine,46900,81300,55,8,0.733,9
University of Southern Mississippi,Mississippi,45100,83900,56,11,0.86,4
University of St Thomas (Minnesota),Minnesota,57500,106400,50,20,0.85,3
University of the Cumberlands,Kentucky,39800,73800,63,8,0.854,17
University of the Ozarks,Arkansas,42300,74500,58,16,0.761,14
University of the Sciences,Pennsylvania,60700,115200,72,12,0.898,8
University of Toledo,Ohio,51800,92500,52,21,0.786,18
University of Tulsa,Oklahoma,58700,107200,51,36,0.826,1
University of Utah,Utah,54800,102600,57,22,0.872,2
University of Vermont,Vermont,53200,99400,50,22,0.868,2
University of Virginia-Main Campus,Virginia,64500,117500,46,23,0.822,3
University of Washington-Bothell Campus,Washington,60200,108000,53,26,0.794,3
University of Washington-Seattle Campus,Washington,61900,112300,51,34,0.814,2
University of Washington-Tacoma Campus,Washington,56000,96800,50,23,0.729,12
University of West Alabama,Alabama,42700,76100,61,4,0.782,17
University of West Georgia,Georgia,46700,82700,51,9,0.771,15
University of Wisconsin-Eau Claire,Wisconsin,52100,93600,46,14,0.797,7
University of Wisconsin-La Crosse,Wisconsin,49600,88300,53,19,0.78,14
University of Wisconsin-Madison,Wisconsin,57300,104400,48,33,0.822,3
University of Wisconsin-Milwaukee,Wisconsin,50600,90300,50,17,0.785,9
University of Wisconsin-Oshkosh,Wisconsin,47700,84300,52,10,0.767,19
University of Wisconsin-Parkside,Wisconsin,46000,81400,47,17,0.77,24
University of Wisconsin-Platteville,Wisconsin,56800,100300,50,38,0.766,4
University of Wisconsin-River Falls,Wisconsin,47100,81300,52,14,0.726,25
University of Wisconsin-Stout,Wisconsin,50400,89500,47,14,0.776,11
University of Wisconsin-Whitewater,Wisconsin,48900,89300,44,8,0.826,12
University of Wyoming,Wyoming,52400,98800,58,25,0.885,1
Upper Iowa University,Iowa,44200,78000,56,3,0.765,24
Ursinus College,Pennsylvania,54400,101800,42,40,0.871,18
Utah State University,Utah,52400,93900,61,14,0.792,4
Utah Valley University,Utah,51100,90600,57,12,0.773,7
Valdosta State University,Georgia,43400,81000,57,7,0.866,19
Valley City State University,North-Dakota,39900,68600,56,3,0.719,8
Valparaiso University,Indiana,53300,98000,52,31,0.839,8
Vanderbilt University,Tennessee,65400,119100,48,23,0.821,1
Vermont Technical College,Vermont,52400,93900,41,4,0.792,5
Villanova University,Pennsylvania,65100,119500,41,23,0.836,7
Virginia Commonwealth University,Virginia,49900,88200,52,18,0.768,16
Virginia Military Institute,Virginia,65900,120600,68,47,0.83,2
Virginia Polytechnic Institute and State University,Virginia,62700,114000,48,42,0.818,4
Virginia State University,Virginia,44900,81800,61,14,0.822,24
Viterbo University,Wisconsin,46800,81900,62,3,0.75,22
Wabash College,Indiana,62200,114400,40,34,0.839,3
Wake Forest University,North-Carolina,60700,114800,44,13,0.891,2
Walla Walla University,Washington,53700,97800,54,22,0.821,11
Walsh College of Accountancy and Business Administration,Michigan,49400,85200,42,5,0.725,20
Warner Pacific College,Oregon,45500,80500,58,10,0.769,18
Wartburg College,Iowa,49300,88000,49,34,0.785,12
Washburn University,Kansas,47000,83000,54,4,0.766,12
Washington Adventist University,Maryland,55600,97600,63,9,0.755,10
Washington and Lee University,Virginia,65900,123200,40,18,0.869,1
Washington College,Maryland,52800,93500,55,21,0.771,14
Washington State University,Washington,55900,103700,50,20,0.855,5
Washington University in St Louis,Missouri,64800,114900,42,30,0.773,2
Wayne State College,Nebraska,40600,73400,54,11,0.808,18
Wayne State University,Michigan,50800,91700,53,21,0.805,12
Webb Institute,New-York,80800,141800,0,100,0.755,3
Weber State University,Utah,53900,94000,60,8,0.744,3
Webster University,Missouri,46500,83500,50,2,0.796,15
Wellesley College,Massachusetts,58900,106200,48,34,0.803,18
Wentworth Institute of Technology,Massachusetts,62700,112700,53,39,0.797,15
Wesley College,Delaware,45400,77300,50,2,0.703,4
Wesleyan University,Connecticut,61600,117000,53,21,0.899,3
West Liberty University,West-Virginia,42500,77000,51,6,0.812,10
West Virginia State University,West-Virginia,41800,76000,46,8,0.818,12
West Virginia University,West-Virginia,54400,99900,52,22,0.836,2
West Virginia University at Parkersburg,West-Virginia,36700,65200,67,3,0.777,18
West Virginia University Institute of Technology,West-Virginia,57100,103700,56,40,0.816,1
West Virginia Wesleyan College,West-Virginia,47000,85200,53,21,0.813,5
Western Carolina University,North-Carolina,44700,77700,58,8,0.738,25
Western Connecticut State University,Connecticut,51700,88100,50,6,0.704,15
Western Governors University,Utah,54500,91500,57,9,0.679,6
Western Kentucky University,Kentucky,45500,83100,49,10,0.826,8
Western Michigan University,Michigan,50900,92200,47,16,0.811,11
Western New England University,Massachusetts,56400,103000,44,21,0.826,20
Western New Mexico University,New-Mexico,41700,76700,75,4,0.839,5
Western Oregon University,Oregon,44500,79300,50,5,0.782,20
Western State Colorado University,Colorado,44800,81500,47,19,0.819,14
Western Washington University,Washington,55000,99300,45,16,0.805,9
Westminster College (Missouri),Missouri,49400,91600,52,25,0.854,8
Westminster College (Utah),Utah,51700,92200,55,10,0.783,5
Wheaton College (Illinois),Illinois,53700,99700,55,12,0.857,11
Wheaton College (Massachusetts),Massachusetts,52600,97500,46,28,0.854,25
Wheeling Jesuit University,West-Virginia,44800,83400,57,5,0.862,7
Whitman College,Washington,54600,102600,53,33,0.879,7
Whitworth University,Washington,49900,88800,52,18,0.78,17
Whitworth University-Adult Degree Programs,Washington,50100,88100,0,0,0.758,19
Wichita State University,Kansas,48700,87300,57,24,0.793,7
Widener University,Pennsylvania,55700,100100,57,13,0.797,21
Willamette University,Oregon,52200,97700,49,14,0.872,6
William Carey University,Mississippi,41100,71800,61,6,0.747,9
William Jewell College,Missouri,51400,94500,60,12,0.839,6
William Paterson University of New Jersey,New-Jersey,50500,90200,44,7,0.786,21
William Penn University,Iowa,43900,78300,59,7,0.784,23
Williams College,Massachusetts,67500,127500,47,32,0.889,5
Wilmington University,Delaware,45100,76600,50,4,0.698,5
Winona State University,Minnesota,49700,86800,51,10,0.746,16
Winthrop University,South-Carolina,44300,79700,49,9,0.799,11
Wisconsin Lutheran College,Wisconsin,46200,82500,45,10,0.786,20
Wittenberg University,Ohio,52400,105400,61,22,1.011,3
Wofford College,South-Carolina,51300,96600,51,28,0.883,4
Worcester Polytechnic Institute,Massachusetts,73600,135500,47,86,0.841,3
Wright State University-Main Campus,Ohio,50300,87800,49,31,0.746,24
Xavier University,Ohio,51800,94000,46,7,0.815,16
Xavier University of Louisiana,Louisiana,46700,88200,63,35,0.889,11
Yale University,Connecticut,70300,138300,53,22,0.967,1
Yeshiva University,New-York,63500,112800,40,11,0.776,15
